Part_ID,Part_Name,Nominal_Dimension_mm,Tolerance_mm,Manufacturing_Process,Material,Fit_Type,Allowable_Tolerance_mm,Cost_Index,Status
P0001,Retaining_Ring,80.17,0.0837,Turning,Brass,Interference,0.03,104.92,FAIL
P0002,Housing,11.85,0.1958,Drilling,Steel,Interference,0.03,10.24,FAIL
P0003,Retaining_Ring,26.36,0.0114,Grinding,Aluminum,Transition,0.06,100.33,PASS
P0004,Retaining_Ring,65.07,0.0426,Turning,Steel,Interference,0.03,94.69,FAIL
P0005,Retaining_Ring,51.05,0.1699,Drilling,Cast_Iron,Interference,0.03,33.08,FAIL
P0006,Shaft,71.23,0.0896,Milling,Steel,Interference,0.03,99.48,FAIL
P0007,Bearing_Bore,82.76,0.1026,Drilling,Steel,Transition,0.06,84.3,FAIL
P0008,Retaining_Ring,84.99,0.0591,Milling,Cast_Iron,Clearance,0.12,93.89,PASS
P0009,Shaft,48.26,0.0891,Drilling,Aluminum,Transition,0.06,48.45,FAIL
P0010,Bearing_Bore,45.56,0.0374,Grinding,Cast_Iron,Transition,0.06,104.65,PASS
P0011,Retaining_Ring,44.98,0.0544,Turning,Aluminum,Clearance,0.12,59.88,PASS
P0012,Retaining_Ring,22.68,0.1723,Drilling,Cast_Iron,Clearance,0.12,14.7,FAIL
P0013,Shaft,79.5,0.0479,Turning,Brass,Clearance,0.12,115.86,PASS
P0014,Shaft,42.26,0.0527,Milling,Steel,Transition,0.06,80.22,PASS
P0015,Shaft,18.59,0.1119,Drilling,Cast_Iron,Transition,0.06,19.76,FAIL
P0016,Retaining_Ring,60.51,0.1136,Drilling,Aluminum,Interference,0.03,51.76,FAIL
P0017,Housing,31.24,0.053,Turning,Steel,Transition,0.06,59.09,PASS
P0018,Housing,52.78,0.102,Milling,Cast_Iron,Interference,0.03,56.12,FAIL
P0019,Retaining_Ring,64.4,0.0239,Grinding,Steel,Interference,0.03,179.38,FAIL
P0020,Retaining_Ring,36.61,0.0087,Grinding,Aluminum,Clearance,0.12,116.3,PASS
P0021,Retaining_Ring,89.5,0.1054,Drilling,Cast_Iron,Transition,0.06,67.03,FAIL
P0022,Shaft,48.44,0.1036,Turning,Steel,Interference,0.03,60.42,FAIL
P0023,Shaft,55.97,0.0859,Milling,Brass,Transition,0.06,90.9,FAIL
P0024,Retaining_Ring,39.09,0.1326,Drilling,Brass,Interference,0.03,41.68,FAIL
P0025,Shaft,97.46,0.1947,Drilling,Steel,Transition,0.06,84.21,FAIL
P0026,Shaft,34.01,0.1179,Turning,Steel,Clearance,0.12,42.28,PASS
P0027,Retaining_Ring,41.06,0.0272,Grinding,Brass,Clearance,0.12,148.7,PASS
P0028,Bearing_Bore,70.49,0.1666,Drilling,Aluminum,Interference,0.03,50.75,FAIL
P0029,Housing,43.1,0.0869,Turning,Brass,Transition,0.06,65.33,FAIL
P0030,Shaft,26.79,0.0337,Turning,Cast_Iron,Interference,0.03,45.46,FAIL
P0031,Retaining_Ring,74.0,0.1733,Drilling,Brass,Interference,0.03,69.26,FAIL
P0032,Shaft,94.31,0.0424,Turning,Cast_Iron,Interference,0.03,92.11,FAIL
P0033,Retaining_Ring,93.22,0.109,Turning,Steel,Transition,0.06,101.79,FAIL
P0034,Bearing_Bore,31.77,0.073,Drilling,Steel,Clearance,0.12,48.24,PASS
P0035,Retaining_Ring,26.98,0.0551,Turning,Steel,Interference,0.03,54.37,FAIL
P0036,Retaining_Ring,67.78,0.0718,Drilling,Aluminum,Clearance,0.12,66.4,PASS
P0037,Retaining_Ring,10.83,0.0086,Grinding,Cast_Iron,Transition,0.06,71.3,PASS
P0038,Housing,25.83,0.0625,Drilling,Steel,Clearance,0.12,45.94,PASS
P0039,Spacer,74.88,0.1031,Drilling,Cast_Iron,Interference,0.03,58.02,FAIL
P0040,Spacer,49.1,0.0785,Milling,Aluminum,Interference,0.03,65.73,FAIL
P0041,Shaft,27.57,0.1611,Drilling,Brass,Clearance,0.12,25.81,FAIL
P0042,Retaining_Ring,92.34,0.018,Grinding,Steel,Transition,0.06,230.84,PASS
P0043,Shaft,48.54,0.117,Turning,Cast_Iron,Clearance,0.12,42.37,PASS
P0044,Shaft,60.11,0.1911,Drilling,Brass,Transition,0.06,56.26,FAIL
P0045,Bearing_Bore,18.75,0.1077,Milling,Cast_Iron,Transition,0.06,26.47,FAIL
P0046,Shaft,73.22,0.1103,Drilling,Steel,Clearance,0.12,73.98,PASS
P0047,Spacer,82.91,0.0353,Grinding,Brass,Transition,0.06,222.31,PASS
P0048,Shaft,16.38,0.1155,Drilling,Steel,Clearance,0.12,23.47,PASS
P0049,Retaining_Ring,43.8,0.0503,Milling,Brass,Interference,0.03,89.65,FAIL
P0050,Shaft,35.79,0.0257,Grinding,Brass,Transition,0.06,139.71,PASS
P0051,Shaft,37.29,0.1352,Drilling,Aluminum,Transition,0.06,30.18,FAIL
P0052,Retaining_Ring,51.15,0.1779,Drilling,Cast_Iron,Clearance,0.12,33.15,FAIL
P0053,Retaining_Ring,67.37,0.0304,Grinding,Brass,Interference,0.03,196.08,FAIL
P0054,Housing,49.02,0.097,Turning,Cast_Iron,Interference,0.03,47.22,FAIL
P0055,Bearing_Bore,17.28,0.0685,Turning,Aluminum,Clearance,0.12,34.2,PASS
P0056,Bearing_Bore,31.58,0.0384,Turning,Brass,Transition,0.06,69.11,PASS
P0057,Shaft,67.44,0.1323,Drilling,Steel,Clearance,0.12,63.05,FAIL
P0058,Spacer,42.04,0.1234,Milling,Brass,Transition,0.06,60.22,FAIL
P0059,Shaft,18.47,0.058,Turning,Aluminum,Clearance,0.12,37.78,PASS
P0060,Spacer,95.42,0.1375,Milling,Aluminum,Transition,0.06,91.38,FAIL
P0061,Retaining_Ring,94.01,0.0951,Milling,Aluminum,Transition,0.06,102.27,FAIL
P0062,Bearing_Bore,82.09,0.0909,Turning,Cast_Iron,Interference,0.03,72.4,FAIL
P0063,Housing,83.01,0.1749,Drilling,Steel,Clearance,0.12,71.72,FAIL
P0064,Bearing_Bore,16.24,0.0511,Milling,Cast_Iron,Clearance,0.12,39.04,PASS
P0065,Bearing_Bore,71.47,0.0364,Turning,Brass,Transition,0.06,111.25,PASS
P0066,Bearing_Bore,35.37,0.0091,Grinding,Aluminum,Interference,0.03,114.34,PASS
P0067,Spacer,88.97,0.0307,Grinding,Steel,Interference,0.03,218.16,PASS
P0068,Bearing_Bore,99.15,0.0671,Turning,Steel,Interference,0.03,120.05,FAIL
P0069,Bearing_Bore,93.77,0.1073,Turning,Brass,Interference,0.03,111.4,FAIL
P0070,Shaft,91.23,0.0956,Milling,Steel,Transition,0.06,119.49,FAIL
P0071,Shaft,19.0,0.0069,Grinding,Steel,Interference,0.03,110.11,PASS
P0072,Retaining_Ring,17.5,0.0501,Milling,Aluminum,Interference,0.03,44.82,FAIL
P0073,Retaining_Ring,29.15,0.1152,Turning,Cast_Iron,Interference,0.03,28.82,FAIL
P0074,Spacer,99.63,0.007,Grinding,Aluminum,Interference,0.03,207.82,PASS
P0075,Housing,73.52,0.1466,Milling,Steel,Interference,0.03,82.34,FAIL
P0076,Shaft,48.35,0.05,Turning,Aluminum,Interference,0.03,63.68,FAIL
P0077,Shaft,23.19,0.023,Grinding,Brass,Transition,0.06,117.71,PASS
P0078,Spacer,95.25,0.1187,Turning,Aluminum,Clearance,0.12,84.03,PASS
P0079,Retaining_Ring,53.35,0.1129,Drilling,Aluminum,Interference,0.03,46.76,FAIL
P0080,Housing,32.83,0.0846,Milling,Aluminum,Interference,0.03,49.01,FAIL
P0081,Bearing_Bore,84.05,0.1642,Drilling,Cast_Iron,Clearance,0.12,54.46,FAIL
P0082,Shaft,17.46,0.0981,Milling,Cast_Iron,Clearance,0.12,27.89,PASS
P0083,Spacer,97.29,0.0065,Grinding,Aluminum,Clearance,0.12,204.67,PASS
P0084,Housing,72.59,0.0706,Drilling,Steel,Interference,0.03,84.16,FAIL
P0085,Shaft,50.91,0.0865,Turning,Aluminum,Interference,0.03,56.6,FAIL
P0086,Shaft,95.54,0.1379,Milling,Cast_Iron,Transition,0.06,82.24,FAIL
P0087,Retaining_Ring,34.96,0.0863,Drilling,Cast_Iron,Clearance,0.12,35.55,PASS
P0088,Bearing_Bore,97.7,0.1981,Drilling,Cast_Iron,Clearance,0.12,63.31,FAIL
P0089,Shaft,83.24,0.0916,Turning,Steel,Clearance,0.12,97.43,PASS
P0090,Bearing_Bore,87.95,0.0066,Grinding,Cast_Iron,Transition,0.06,172.06,PASS
P0091,Shaft,98.85,0.0103,Grinding,Steel,Transition,0.06,246.25,PASS
P0092,Housing,15.72,0.0441,Milling,Steel,Clearance,0.12,53.89,PASS
P0093,Shaft,87.83,0.1032,Turning,Cast_Iron,Interference,0.03,73.77,FAIL
P0094,Spacer,32.26,0.0208,Grinding,Aluminum,Interference,0.03,104.59,PASS
P0095,Shaft,28.65,0.1366,Milling,Steel,Clearance,0.12,36.25,PASS
P0096,Housing,59.67,0.1017,Milling,Aluminum,Clearance,0.12,68.78,PASS
P0097,Housing,12.59,0.098,Turning,Steel,Interference,0.03,27.69,FAIL
P0098,Housing,41.55,0.1049,Milling,Aluminum,Transition,0.06,51.19,FAIL
P0099,Housing,41.34,0.0965,Milling,Brass,Transition,0.06,69.44,FAIL
P0100,Bearing_Bore,81.68,0.0905,Milling,Steel,Clearance,0.12,110.7,PASS
P0101,Shaft,98.2,0.0222,Grinding,Steel,Clearance,0.12,238.7,PASS
P0102,Housing,51.41,0.1043,Milling,Brass,Clearance,0.12,78.57,PASS
P0103,Housing,90.71,0.0216,Grinding,Cast_Iron,Clearance,0.12,169.56,PASS
P0104,Bearing_Bore,25.2,0.0706,Milling,Brass,Clearance,0.12,59.81,PASS
P0105,Spacer,20.86,0.0211,Grinding,Steel,Transition,0.06,105.65,PASS
P0106,Bearing_Bore,18.31,0.0733,Turning,Brass,Clearance,0.12,43.97,PASS
P0107,Housing,10.23,0.1355,Milling,Cast_Iron,Clearance,0.12,12.22,FAIL
P0108,Retaining_Ring,93.16,0.066,Milling,Brass,Interference,0.03,142.81,FAIL
P0109,Retaining_Ring,77.27,0.044,Milling,Aluminum,Transition,0.06,101.56,PASS
P0110,Housing,88.05,0.079,Milling,Cast_Iron,Clearance,0.12,91.28,PASS
P0111,Housing,76.37,0.0601,Milling,Cast_Iron,Clearance,0.12,86.5,PASS
P0112,Bearing_Bore,90.15,0.0258,Grinding,Cast_Iron,Clearance,0.12,167.14,PASS
P0113,Retaining_Ring,54.86,0.008,Grinding,Brass,Clearance,0.12,185.77,PASS
P0114,Shaft,35.54,0.1108,Drilling,Brass,Transition,0.06,44.73,FAIL
P0115,Bearing_Bore,42.05,0.1981,Drilling,Aluminum,Interference,0.03,30.28,FAIL
P0116,Spacer,53.9,0.0348,Grinding,Aluminum,Interference,0.03,129.46,FAIL
P0117,Shaft,11.64,0.1167,Milling,Brass,Interference,0.03,26.37,FAIL
P0118,Shaft,70.18,0.0375,Grinding,Cast_Iron,Transition,0.06,136.52,PASS
P0119,Housing,85.47,0.0887,Drilling,Aluminum,Interference,0.03,75.33,FAIL
P0120,Retaining_Ring,79.1,0.0496,Milling,Steel,Transition,0.06,121.96,PASS
P0121,Housing,57.93,0.0457,Milling,Cast_Iron,Clearance,0.12,74.95,PASS
P0122,Bearing_Bore,71.61,0.0723,Drilling,Aluminum,Clearance,0.12,69.04,PASS
P0123,Spacer,63.61,0.0724,Turning,Steel,Clearance,0.12,84.35,PASS
P0124,Shaft,21.19,0.0958,Turning,Aluminum,Transition,0.06,30.5,FAIL
P0125,Shaft,15.98,0.0309,Grinding,Cast_Iron,Interference,0.03,68.95,FAIL
P0126,Housing,81.96,0.1043,Turning,Steel,Transition,0.06,92.39,FAIL
P0127,Spacer,67.04,0.1117,Turning,Brass,Interference,0.03,82.17,FAIL
P0128,Bearing_Bore,74.24,0.186,Drilling,Cast_Iron,Interference,0.03,48.11,FAIL
P0129,Spacer,49.49,0.0252,Grinding,Steel,Interference,0.03,152.91,PASS
P0130,Bearing_Bore,58.86,0.0201,Grinding,Steel,Interference,0.03,171.86,PASS
P0131,Housing,22.53,0.1273,Milling,Brass,Transition,0.06,35.43,FAIL
P0132,Housing,77.72,0.159,Drilling,Steel,Transition,0.06,67.15,FAIL
P0133,Housing,28.41,0.1185,Milling,Steel,Transition,0.06,42.23,FAIL
P0134,Spacer,21.47,0.0837,Milling,Brass,Clearance,0.12,50.46,PASS
P0135,Spacer,30.63,0.1611,Drilling,Steel,Clearance,0.12,26.46,FAIL
P0136,Housing,32.66,0.1084,Drilling,Cast_Iron,Transition,0.06,29.59,FAIL
P0137,Housing,30.46,0.0198,Grinding,Aluminum,Transition,0.06,102.45,PASS
P0138,Bearing_Bore,19.07,0.053,Turning,Cast_Iron,Transition,0.06,35.56,PASS
P0139,Retaining_Ring,93.02,0.1178,Milling,Cast_Iron,Clearance,0.12,85.35,PASS
P0140,Bearing_Bore,76.28,0.1141,Turning,Aluminum,Interference,0.03,70.0,FAIL
P0141,Housing,31.23,0.0582,Milling,Steel,Transition,0.06,66.15,FAIL
P0142,Shaft,30.47,0.1069,Milling,Aluminum,Interference,0.03,40.42,FAIL
P0143,Shaft,82.26,0.0304,Turning,Steel,Transition,0.06,114.85,PASS
P0144,Shaft,41.17,0.0171,Grinding,Brass,Transition,0.06,154.82,PASS
P0145,Bearing_Bore,12.96,0.1404,Milling,Steel,Interference,0.03,17.62,FAIL
P0146,Retaining_Ring,42.62,0.0253,Grinding,Steel,Clearance,0.12,140.99,PASS
P0147,Bearing_Bore,56.37,0.1966,Drilling,Aluminum,Clearance,0.12,40.59,FAIL
P0148,Retaining_Ring,36.96,0.0741,Milling,Steel,Clearance,0.12,66.99,PASS
P0149,Housing,41.44,0.0915,Milling,Cast_Iron,Interference,0.03,49.45,FAIL
P0150,Housing,74.27,0.0235,Grinding,Steel,Transition,0.06,196.65,PASS
P0151,Retaining_Ring,60.37,0.044,Turning,Aluminum,Transition,0.06,74.8,PASS
P0152,Housing,90.77,0.1337,Drilling,Aluminum,Transition,0.06,69.02,FAIL
P0153,Shaft,88.03,0.0849,Milling,Brass,Transition,0.06,129.62,FAIL
P0154,Housing,40.53,0.1026,Milling,Steel,Transition,0.06,61.1,FAIL
P0155,Housing,74.87,0.1025,Turning,Cast_Iron,Interference,0.03,64.59,FAIL
P0156,Housing,22.7,0.1169,Drilling,Cast_Iron,Clearance,0.12,21.41,PASS
P0157,Bearing_Bore,76.23,0.1333,Milling,Aluminum,Interference,0.03,74.93,FAIL
P0158,Shaft,33.35,0.0818,Milling,Steel,Interference,0.03,60.35,FAIL
P0159,Retaining_Ring,46.85,0.1373,Drilling,Steel,Clearance,0.12,43.91,FAIL
P0160,Retaining_Ring,88.16,0.0221,Grinding,Aluminum,Clearance,0.12,184.51,PASS
P0161,Shaft,34.18,0.024,Grinding,Brass,Clearance,0.12,137.69,PASS
P0162,Housing,57.31,0.011,Grinding,Cast_Iron,Transition,0.06,130.57,PASS
P0163,Spacer,57.67,0.1297,Milling,Aluminum,Transition,0.06,58.89,FAIL
P0164,Spacer,74.82,0.0396,Turning,Aluminum,Transition,0.06,87.46,PASS
P0165,Spacer,88.65,0.1057,Milling,Steel,Interference,0.03,113.15,FAIL
P0166,Bearing_Bore,46.39,0.0994,Turning,Steel,Transition,0.06,59.71,FAIL
P0167,Bearing_Bore,26.59,0.0726,Drilling,Aluminum,Interference,0.03,36.56,FAIL
P0168,Retaining_Ring,64.94,0.1154,Turning,Brass,Interference,0.03,78.78,FAIL
P0169,Spacer,12.81,0.0967,Drilling,Steel,Transition,0.06,25.46,FAIL
P0170,Housing,66.1,0.0727,Turning,Brass,Transition,0.06,93.87,FAIL
P0171,Shaft,47.15,0.0934,Turning,Cast_Iron,Clearance,0.12,46.68,PASS
P0172,Housing,10.21,0.1464,Milling,Aluminum,Clearance,0.12,10.43,FAIL
P0173,Bearing_Bore,18.24,0.1884,Drilling,Brass,Clearance,0.12,17.07,FAIL
P0174,Housing,78.31,0.1614,Drilling,Brass,Clearance,0.12,73.3,FAIL
P0175,Shaft,72.39,0.0068,Grinding,Steel,Interference,0.03,202.42,PASS
P0176,Shaft,52.59,0.0744,Milling,Aluminum,Clearance,0.12,70.12,PASS
P0177,Spacer,93.2,0.1468,Milling,Steel,Interference,0.03,104.0,FAIL
P0178,Retaining_Ring,57.02,0.1109,Milling,Brass,Transition,0.06,82.81,FAIL
P0179,Housing,16.93,0.1575,Drilling,Cast_Iron,Clearance,0.12,10.97,FAIL
P0180,Retaining_Ring,58.46,0.1128,Milling,Brass,Clearance,0.12,83.82,PASS
P0181,Spacer,65.43,0.0132,Grinding,Steel,Clearance,0.12,186.94,PASS
P0182,Housing,41.56,0.1244,Milling,Brass,Transition,0.06,59.27,FAIL
P0183,Spacer,62.27,0.0145,Grinding,Steel,Clearance,0.12,180.77,PASS
P0184,Retaining_Ring,10.3,0.0721,Turning,Steel,Transition,0.06,33.26,FAIL
P0185,Bearing_Bore,63.02,0.0988,Drilling,Aluminum,Transition,0.06,56.89,FAIL
P0186,Retaining_Ring,81.82,0.0963,Drilling,Brass,Transition,0.06,92.29,FAIL
P0187,Retaining_Ring,95.03,0.0214,Grinding,Brass,Interference,0.03,253.13,PASS
P0188,Retaining_Ring,68.47,0.1451,Drilling,Brass,Clearance,0.12,65.52,FAIL
P0189,Spacer,25.89,0.0127,Grinding,Aluminum,Interference,0.03,99.07,PASS
P0190,Spacer,29.47,0.0766,Turning,Aluminum,Interference,0.03,41.93,FAIL
P0191,Retaining_Ring,33.42,0.023,Grinding,Steel,Clearance,0.12,126.33,PASS
P0192,Housing,66.06,0.1647,Drilling,Brass,Transition,0.06,61.83,FAIL
P0193,Shaft,87.41,0.0712,Turning,Cast_Iron,Transition,0.06,80.67,FAIL
P0194,Spacer,86.7,0.0332,Turning,Brass,Clearance,0.12,128.13,PASS
P0195,Shaft,35.33,0.0527,Turning,Brass,Interference,0.03,68.37,FAIL
P0196,Spacer,90.5,0.1988,Drilling,Cast_Iron,Clearance,0.12,58.64,FAIL
P0197,Bearing_Bore,63.32,0.1755,Drilling,Steel,Transition,0.06,54.71,FAIL
P0198,Housing,89.08,0.1018,Turning,Steel,Clearance,0.12,99.98,PASS
P0199,Retaining_Ring,24.44,0.0601,Turning,Brass,Interference,0.03,54.64,FAIL
P0200,Retaining_Ring,96.52,0.0912,Milling,Steel,Interference,0.03,126.84,FAIL
P0201,Bearing_Bore,30.58,0.0368,Grinding,Cast_Iron,Interference,0.03,85.48,FAIL
P0202,Bearing_Bore,39.38,0.1384,Drilling,Steel,Transition,0.06,37.16,FAIL
P0203,Bearing_Bore,80.19,0.075,Drilling,Cast_Iron,Clearance,0.12,67.15,PASS
P0204,Bearing_Bore,93.88,0.0513,Milling,Cast_Iron,Interference,0.03,103.27,FAIL
P0205,Retaining_Ring,95.26,0.0833,Drilling,Cast_Iron,Transition,0.06,75.24,FAIL
P0206,Shaft,86.72,0.0397,Grinding,Aluminum,Interference,0.03,174.51,FAIL
P0207,Spacer,21.71,0.1662,Drilling,Cast_Iron,Interference,0.03,14.07,FAIL
P0208,Housing,50.13,0.0701,Milling,Aluminum,Interference,0.03,69.09,FAIL
P0209,Spacer,50.62,0.0829,Drilling,Steel,Interference,0.03,61.85,FAIL
P0210,Retaining_Ring,71.24,0.1516,Drilling,Aluminum,Interference,0.03,51.29,FAIL
P0211,Housing,23.6,0.0876,Milling,Steel,Transition,0.06,47.58,FAIL
P0212,Housing,34.68,0.1978,Drilling,Aluminum,Interference,0.03,24.97,FAIL
P0213,Shaft,30.7,0.0125,Grinding,Cast_Iron,Transition,0.06,95.47,PASS
P0214,Retaining_Ring,97.14,0.0115,Grinding,Brass,Interference,0.03,262.87,PASS
P0215,Shaft,50.83,0.0777,Turning,Steel,Interference,0.03,70.49,FAIL
P0216,Bearing_Bore,51.59,0.0401,Milling,Cast_Iron,Transition,0.06,71.15,PASS
P0217,Shaft,28.05,0.0222,Grinding,Cast_Iron,Clearance,0.12,88.11,PASS
P0218,Spacer,98.59,0.0102,Grinding,Cast_Iron,Interference,0.03,184.39,PASS
P0219,Spacer,53.19,0.026,Grinding,Aluminum,Transition,0.06,132.39,PASS
P0220,Shaft,13.57,0.1273,Drilling,Aluminum,Clearance,0.12,14.88,FAIL
P0221,Shaft,61.38,0.0317,Turning,Cast_Iron,Clearance,0.12,70.81,PASS
P0222,Shaft,39.38,0.0231,Grinding,Cast_Iron,Transition,0.06,102.43,PASS
P0223,Shaft,12.99,0.0371,Turning,Steel,Transition,0.06,46.34,PASS
P0224,Bearing_Bore,83.93,0.0064,Grinding,Aluminum,Transition,0.06,185.48,PASS
P0225,Retaining_Ring,21.18,0.1107,Turning,Cast_Iron,Interference,0.03,24.09,FAIL
P0226,Shaft,66.28,0.0324,Grinding,Cast_Iron,Transition,0.06,133.53,PASS
P0227,Housing,90.53,0.1002,Milling,Brass,Interference,0.03,126.89,FAIL
P0228,Housing,49.47,0.1197,Milling,Steel,Transition,0.06,65.07,FAIL
P0229,Retaining_Ring,53.14,0.1077,Milling,Cast_Iron,Clearance,0.12,54.95,PASS
P0230,Spacer,49.03,0.0661,Drilling,Steel,Interference,0.03,65.01,FAIL
P0231,Retaining_Ring,68.79,0.0166,Grinding,Aluminum,Transition,0.06,159.09,PASS
P0232,Retaining_Ring,29.85,0.0196,Grinding,Brass,Interference,0.03,132.16,FAIL
P0233,Shaft,88.14,0.12,Milling,Cast_Iron,Clearance,0.12,80.74,PASS
P0234,Retaining_Ring,98.89,0.0656,Drilling,Cast_Iron,Transition,0.06,81.17,FAIL
P0235,Shaft,49.48,0.1198,Milling,Cast_Iron,Clearance,0.12,48.78,FAIL
P0236,Bearing_Bore,34.91,0.1429,Drilling,Aluminum,Interference,0.03,26.73,FAIL
P0237,Spacer,51.92,0.177,Drilling,Brass,Clearance,0.12,48.6,FAIL
P0238,Retaining_Ring,66.93,0.1122,Drilling,Aluminum,Interference,0.03,56.69,FAIL
P0239,Bearing_Bore,16.22,0.0881,Milling,Steel,Clearance,0.12,39.26,PASS
P0240,Shaft,24.72,0.1148,Drilling,Aluminum,Interference,0.03,25.72,FAIL
P0241,Shaft,69.11,0.1055,Drilling,Aluminum,Interference,0.03,59.77,FAIL
P0242,Spacer,31.24,0.0481,Milling,Brass,Interference,0.03,75.45,FAIL
P0243,Bearing_Bore,23.12,0.0704,Turning,Aluminum,Transition,0.06,38.4,FAIL
P0244,Shaft,64.5,0.1099,Drilling,Aluminum,Clearance,0.12,55.46,PASS
P0245,Retaining_Ring,73.48,0.0702,Turning,Steel,Clearance,0.12,94.48,PASS
P0246,Housing,98.8,0.0411,Turning,Cast_Iron,Transition,0.06,95.64,PASS
P0247,Spacer,67.6,0.0915,Drilling,Aluminum,Clearance,0.12,61.83,PASS
P0248,Retaining_Ring,53.19,0.029,Grinding,Cast_Iron,Clearance,0.12,117.94,PASS
P0249,Bearing_Bore,88.11,0.0709,Turning,Aluminum,Clearance,0.12,90.26,PASS
P0250,Retaining_Ring,12.7,0.0158,Grinding,Cast_Iron,Interference,0.03,70.81,FAIL
P0251,Bearing_Bore,24.61,0.0116,Grinding,Cast_Iron,Interference,0.03,87.95,PASS
P0252,Spacer,72.34,0.1322,Milling,Aluminum,Interference,0.03,71.67,FAIL
P0253,Bearing_Bore,54.75,0.108,Milling,Aluminum,Transition,0.06,62.45,FAIL
P0254,Retaining_Ring,72.06,0.1144,Milling,Cast_Iron,Clearance,0.12,68.88,PASS
P0255,Housing,45.45,0.1116,Milling,Cast_Iron,Transition,0.06,47.57,FAIL
P0256,Bearing_Bore,97.95,0.117,Drilling,Aluminum,Interference,0.03,77.95,FAIL
P0257,Spacer,35.98,0.0398,Turning,Steel,Clearance,0.12,67.6,PASS
P0258,Retaining_Ring,91.12,0.0357,Grinding,Brass,Transition,0.06,237.44,PASS
P0259,Housing,20.82,0.079,Turning,Brass,Clearance,0.12,44.73,PASS
P0260,Spacer,50.38,0.0661,Milling,Cast_Iron,Clearance,0.12,63.42,PASS
P0261,Shaft,16.59,0.1064,Milling,Cast_Iron,Transition,0.06,25.02,FAIL
P0262,Shaft,95.63,0.1332,Milling,Steel,Transition,0.06,111.37,FAIL
P0263,Retaining_Ring,19.8,0.0434,Turning,Steel,Transition,0.06,50.99,PASS
P0264,Retaining_Ring,83.17,0.119,Milling,Brass,Interference,0.03,111.06,FAIL
P0265,Housing,27.62,0.0408,Milling,Steel,Clearance,0.12,68.17,PASS
P0266,Shaft,15.42,0.1908,Drilling,Brass,Interference,0.03,14.43,FAIL
P0267,Housing,65.56,0.0233,Grinding,Aluminum,Clearance,0.12,151.42,PASS
P0268,Retaining_Ring,64.93,0.1188,Milling,Cast_Iron,Transition,0.06,61.84,FAIL
P0269,Shaft,20.97,0.0463,Turning,Cast_Iron,Transition,0.06,38.43,PASS
P0270,Spacer,19.62,0.1024,Milling,Brass,Interference,0.03,41.26,FAIL
P0271,Bearing_Bore,82.54,0.137,Drilling,Cast_Iron,Transition,0.06,56.12,FAIL
P0272,Housing,83.73,0.1096,Turning,Brass,Transition,0.06,100.21,FAIL
P0273,Shaft,64.99,0.0194,Grinding,Steel,Interference,0.03,182.83,PASS
P0274,Spacer,86.61,0.154,Drilling,Aluminum,Interference,0.03,62.36,FAIL
P0275,Shaft,50.66,0.0255,Grinding,Brass,Transition,0.06,167.67,PASS
P0276,Bearing_Bore,18.61,0.0321,Turning,Brass,Clearance,0.12,57.67,PASS
P0277,Housing,30.88,0.1147,Drilling,Brass,Interference,0.03,39.23,FAIL
P0278,Bearing_Bore,72.56,0.1166,Drilling,Brass,Interference,0.03,77.69,FAIL
P0279,Spacer,11.42,0.0775,Milling,Steel,Clearance,0.12,37.62,PASS
P0280,Bearing_Bore,17.15,0.072,Drilling,Brass,Clearance,0.12,38.87,PASS
P0281,Shaft,39.1,0.0917,Drilling,Brass,Clearance,0.12,53.65,PASS
P0282,Shaft,16.29,0.1496,Drilling,Aluminum,Clearance,0.12,11.82,FAIL
P0283,Bearing_Bore,51.12,0.0609,Milling,Aluminum,Clearance,0.12,72.65,PASS
P0284,Shaft,51.87,0.0466,Milling,Aluminum,Interference,0.03,77.45,FAIL
P0285,Retaining_Ring,25.78,0.0292,Grinding,Cast_Iron,Clearance,0.12,82.33,PASS
P0286,Shaft,37.08,0.1479,Milling,Cast_Iron,Clearance,0.12,31.25,FAIL
P0287,Housing,20.78,0.1964,Drilling,Aluminum,Clearance,0.12,14.96,FAIL
P0288,Spacer,18.02,0.1657,Drilling,Aluminum,Transition,0.06,12.97,FAIL
P0289,Shaft,24.34,0.0357,Turning,Cast_Iron,Transition,0.06,43.24,PASS
P0290,Spacer,41.17,0.0134,Grinding,Steel,Clearance,0.12,144.91,PASS
P0291,Shaft,50.25,0.1061,Milling,Brass,Transition,0.06,76.51,FAIL
P0292,Housing,45.19,0.0951,Milling,Aluminum,Clearance,0.12,57.36,PASS
P0293,Shaft,66.52,0.0286,Grinding,Aluminum,Transition,0.06,150.42,PASS
P0294,Housing,17.28,0.1164,Drilling,Brass,Transition,0.06,26.0,FAIL
P0295,Bearing_Bore,41.15,0.1473,Milling,Aluminum,Interference,0.03,38.63,FAIL
P0296,Shaft,93.05,0.0738,Turning,Aluminum,Clearance,0.12,93.49,PASS
P0297,Spacer,45.88,0.0805,Drilling,Brass,Interference,0.03,63.27,FAIL
P0298,Bearing_Bore,96.68,0.1369,Drilling,Steel,Interference,0.03,87.07,FAIL
P0299,Retaining_Ring,88.85,0.055,Turning,Brass,Transition,0.06,123.28,PASS
P0300,Housing,80.27,0.0906,Milling,Brass,Clearance,0.12,118.2,PASS
P0301,Bearing_Bore,15.2,0.0293,Grinding,Brass,Transition,0.06,99.06,PASS
P0302,Retaining_Ring,30.6,0.0509,Turning,Cast_Iron,Interference,0.03,44.33,FAIL
P0303,Retaining_Ring,48.35,0.0783,Drilling,Steel,Transition,0.06,61.13,FAIL
P0304,Spacer,47.27,0.131,Milling,Brass,Interference,0.03,63.64,FAIL
P0305,Spacer,10.99,0.0675,Turning,Aluminum,Clearance,0.12,29.42,PASS
P0306,Spacer,27.07,0.0267,Grinding,Brass,Transition,0.06,122.81,PASS
P0307,Spacer,66.64,0.0479,Turning,Aluminum,Transition,0.06,78.84,PASS
P0308,Housing,23.43,0.054,Milling,Steel,Interference,0.03,58.99,FAIL
P0309,Bearing_Bore,52.84,0.1126,Drilling,Cast_Iron,Transition,0.06,41.81,FAIL
P0310,Spacer,95.98,0.0325,Grinding,Steel,Clearance,0.12,229.3,PASS
P0311,Shaft,49.38,0.0529,Turning,Steel,Transition,0.06,76.53,PASS
P0312,Housing,50.51,0.065,Milling,Aluminum,Interference,0.03,70.91,FAIL
P0313,Shaft,23.52,0.1632,Drilling,Brass,Clearance,0.12,22.01,FAIL
P0314,Spacer,74.47,0.0701,Drilling,Steel,Interference,0.03,85.92,FAIL
P0315,Housing,55.77,0.1143,Drilling,Steel,Clearance,0.12,57.82,PASS
P0316,Retaining_Ring,80.55,0.079,Milling,Brass,Interference,0.03,122.87,FAIL
P0317,Bearing_Bore,84.75,0.0362,Turning,Steel,Transition,0.06,115.5,PASS
P0318,Retaining_Ring,97.84,0.0901,Turning,Brass,Clearance,0.12,121.22,PASS
P0319,Housing,33.46,0.0362,Turning,Cast_Iron,Transition,0.06,49.7,PASS
P0320,Bearing_Bore,98.2,0.0261,Grinding,Steel,Interference,0.03,236.6,PASS
P0321,Spacer,21.53,0.1074,Drilling,Brass,Transition,0.06,32.61,FAIL
P0322,Retaining_Ring,94.88,0.0134,Grinding,Steel,Transition,0.06,237.72,PASS
P0323,Spacer,89.82,0.1504,Drilling,Cast_Iron,Interference,0.03,58.2,FAIL
P0324,Shaft,32.7,0.1657,Drilling,Steel,Interference,0.03,28.25,FAIL
P0325,Spacer,75.56,0.0322,Grinding,Cast_Iron,Transition,0.06,145.63,PASS
P0326,Housing,75.52,0.0397,Turning,Aluminum,Clearance,0.12,87.99,PASS
P0327,Spacer,96.86,0.0937,Milling,Cast_Iron,Interference,0.03,94.77,FAIL
P0328,Housing,55.75,0.0568,Turning,Steel,Clearance,0.12,81.48,PASS
P0329,Housing,88.6,0.11,Milling,Steel,Transition,0.06,111.61,FAIL
P0330,Bearing_Bore,76.75,0.0359,Grinding,Cast_Iron,Clearance,0.12,145.68,PASS
P0331,Retaining_Ring,69.18,0.1035,Drilling,Brass,Transition,0.06,78.35,FAIL
P0332,Housing,43.77,0.0993,Milling,Aluminum,Clearance,0.12,54.84,PASS
P0333,Retaining_Ring,85.6,0.0341,Grinding,Aluminum,Transition,0.06,175.42,PASS
P0334,Housing,88.9,0.1496,Milling,Brass,Transition,0.06,106.47,FAIL
P0335,Retaining_Ring,89.76,0.1052,Milling,Steel,Transition,0.06,114.55,FAIL
P0336,Spacer,41.99,0.0328,Grinding,Aluminum,Transition,0.06,113.21,PASS
P0337,Retaining_Ring,53.29,0.0878,Turning,Brass,Interference,0.03,75.64,FAIL
P0338,Retaining_Ring,53.79,0.1439,Drilling,Cast_Iron,Transition,0.06,36.09,FAIL
P0339,Housing,54.84,0.0485,Milling,Cast_Iron,Interference,0.03,71.67,FAIL
P0340,Bearing_Bore,84.26,0.0232,Grinding,Steel,Interference,0.03,214.07,PASS
P0341,Spacer,76.2,0.093,Drilling,Aluminum,Interference,0.03,67.69,FAIL
P0342,Retaining_Ring,76.03,0.0729,Milling,Brass,Interference,0.03,119.75,FAIL
P0343,Shaft,20.65,0.0669,Turning,Aluminum,Interference,0.03,37.3,FAIL
P0344,Shaft,26.6,0.0177,Grinding,Cast_Iron,Clearance,0.12,88.06,PASS
P0345,Bearing_Bore,12.18,0.1315,Milling,Steel,Interference,0.03,19.83,FAIL
P0346,Spacer,33.34,0.0873,Milling,Steel,Interference,0.03,58.44,FAIL
P0347,Housing,53.28,0.0692,Turning,Steel,Clearance,0.12,75.39,PASS
P0348,Bearing_Bore,91.35,0.1873,Drilling,Aluminum,Interference,0.03,65.77,FAIL
P0349,Shaft,24.3,0.1454,Drilling,Aluminum,Clearance,0.12,18.53,FAIL
P0350,Shaft,35.45,0.0662,Drilling,Steel,Transition,0.06,53.25,FAIL
P0351,Retaining_Ring,91.56,0.0675,Milling,Brass,Interference,0.03,140.34,FAIL
P0352,Bearing_Bore,15.88,0.0739,Turning,Steel,Transition,0.06,38.07,FAIL
P0353,Housing,60.58,0.1084,Drilling,Aluminum,Transition,0.06,52.98,FAIL
P0354,Bearing_Bore,96.71,0.1384,Drilling,Cast_Iron,Interference,0.03,65.02,FAIL
P0355,Spacer,75.77,0.0393,Grinding,Aluminum,Transition,0.06,158.92,PASS
P0356,Bearing_Bore,51.75,0.1175,Turning,Cast_Iron,Clearance,0.12,44.57,PASS
P0357,Retaining_Ring,11.98,0.0948,Turning,Steel,Clearance,0.12,28.06,PASS
P0358,Shaft,30.47,0.0664,Turning,Cast_Iron,Clearance,0.12,40.75,PASS
P0359,Housing,59.4,0.0852,Turning,Brass,Transition,0.06,82.84,FAIL
P0360,Bearing_Bore,69.78,0.0494,Turning,Steel,Transition,0.06,97.17,PASS
P0361,Bearing_Bore,68.59,0.0241,Grinding,Cast_Iron,Interference,0.03,139.88,PASS
P0362,Retaining_Ring,14.68,0.1265,Milling,Aluminum,Interference,0.03,20.26,FAIL
P0363,Spacer,78.26,0.1656,Drilling,Aluminum,Interference,0.03,56.35,FAIL
P0364,Housing,77.57,0.0802,Turning,Steel,Transition,0.06,95.41,FAIL
P0365,Bearing_Bore,40.93,0.0554,Turning,Cast_Iron,Transition,0.06,50.75,FAIL
P0366,Retaining_Ring,44.24,0.1253,Milling,Steel,Interference,0.03,57.36,FAIL
P0367,Housing,18.46,0.0792,Milling,Cast_Iron,Transition,0.06,33.6,FAIL
P0368,Shaft,57.97,0.0574,Milling,Brass,Transition,0.06,103.94,FAIL
P0369,Retaining_Ring,38.51,0.035,Grinding,Cast_Iron,Transition,0.06,96.48,PASS
P0370,Shaft,26.58,0.1852,Drilling,Steel,Interference,0.03,22.97,FAIL
P0371,Retaining_Ring,49.63,0.1461,Drilling,Brass,Clearance,0.12,47.59,FAIL
P0372,Shaft,21.02,0.1198,Milling,Steel,Interference,0.03,33.63,FAIL
P0373,Bearing_Bore,98.18,0.1519,Drilling,Cast_Iron,Transition,0.06,63.62,FAIL
P0374,Housing,84.07,0.0489,Turning,Cast_Iron,Clearance,0.12,83.28,PASS
P0375,Spacer,36.68,0.141,Milling,Steel,Clearance,0.12,43.6,FAIL
P0376,Shaft,68.65,0.0745,Milling,Aluminum,Interference,0.03,84.86,FAIL
P0377,Bearing_Bore,25.64,0.0299,Grinding,Brass,Transition,0.06,118.26,PASS
P0378,Shaft,77.39,0.1116,Milling,Brass,Transition,0.06,106.91,FAIL
P0379,Shaft,85.94,0.0529,Turning,Cast_Iron,Interference,0.03,83.72,FAIL
P0380,Retaining_Ring,87.02,0.065,Milling,Brass,Transition,0.06,135.84,FAIL
P0381,Housing,29.4,0.1105,Drilling,Aluminum,Clearance,0.12,30.06,PASS
P0382,Retaining_Ring,82.67,0.0683,Drilling,Steel,Interference,0.03,93.49,FAIL
P0383,Bearing_Bore,70.37,0.1016,Milling,Steel,Transition,0.06,94.39,FAIL
P0384,Retaining_Ring,44.24,0.1179,Turning,Cast_Iron,Transition,0.06,39.08,FAIL
P0385,Housing,47.93,0.0638,Drilling,Steel,Clearance,0.12,64.69,PASS
P0386,Retaining_Ring,65.92,0.1383,Drilling,Steel,Interference,0.03,60.11,FAIL
P0387,Retaining_Ring,88.55,0.0524,Milling,Steel,Interference,0.03,131.43,FAIL
P0388,Shaft,52.19,0.0155,Grinding,Steel,Clearance,0.12,162.81,PASS
P0389,Housing,36.99,0.0969,Turning,Brass,Clearance,0.12,55.73,PASS
P0390,Shaft,17.11,0.0935,Drilling,Brass,Interference,0.03,32.54,FAIL
P0391,Shaft,34.1,0.1705,Drilling,Aluminum,Interference,0.03,24.55,FAIL
P0392,Retaining_Ring,76.38,0.0773,Turning,Brass,Clearance,0.12,103.06,PASS
P0393,Shaft,15.82,0.1938,Drilling,Brass,Clearance,0.12,14.81,FAIL
P0394,Housing,25.35,0.0382,Grinding,Cast_Iron,Clearance,0.12,78.13,PASS
P0395,Retaining_Ring,31.37,0.0761,Turning,Steel,Interference,0.03,52.29,FAIL
P0396,Spacer,34.44,0.092,Milling,Aluminum,Transition,0.06,48.36,FAIL
P0397,Shaft,46.63,0.1102,Turning,Cast_Iron,Interference,0.03,42.53,FAIL
P0398,Housing,50.54,0.1262,Drilling,Aluminum,Clearance,0.12,41.74,FAIL
P0399,Housing,50.27,0.1264,Drilling,Aluminum,Interference,0.03,41.5,FAIL
P0400,Shaft,85.0,0.0345,Grinding,Steel,Transition,0.06,209.25,PASS
P0401,Shaft,49.47,0.0126,Grinding,Brass,Clearance,0.12,172.99,PASS
P0402,Shaft,35.61,0.1036,Turning,Cast_Iron,Clearance,0.12,36.08,PASS
P0403,Spacer,61.73,0.0433,Milling,Brass,Interference,0.03,113.71,FAIL
P0404,Housing,24.87,0.0651,Turning,Brass,Transition,0.06,53.46,FAIL
P0405,Housing,74.26,0.1451,Drilling,Cast_Iron,Clearance,0.12,49.11,FAIL
P0406,Retaining_Ring,67.28,0.0068,Grinding,Steel,Clearance,0.12,193.59,PASS
P0407,Spacer,64.34,0.1155,Milling,Brass,Clearance,0.12,89.85,PASS
P0408,Retaining_Ring,63.67,0.0242,Grinding,Steel,Interference,0.03,177.95,PASS
P0409,Shaft,38.9,0.0975,Turning,Cast_Iron,Transition,0.06,39.82,FAIL
P0410,Bearing_Bore,63.88,0.0226,Grinding,Brass,Interference,0.03,194.11,PASS
P0411,Housing,23.89,0.011,Grinding,Steel,Clearance,0.12,116.34,PASS
P0412,Spacer,22.79,0.0054,Grinding,Brass,Transition,0.06,127.25,PASS
P0413,Retaining_Ring,17.6,0.0839,Milling,Brass,Clearance,0.12,45.75,PASS
P0414,Shaft,72.32,0.02,Grinding,Cast_Iron,Clearance,0.12,146.38,PASS
P0415,Housing,37.57,0.101,Turning,Brass,Clearance,0.12,55.0,PASS
P0416,Housing,78.34,0.0509,Milling,Cast_Iron,Interference,0.03,90.51,FAIL
P0417,Housing,43.3,0.0638,Drilling,Cast_Iron,Transition,0.06,45.51,FAIL
P0418,Bearing_Bore,68.12,0.0663,Drilling,Cast_Iron,Clearance,0.12,61.09,PASS
P0419,Shaft,12.29,0.0881,Turning,Brass,Interference,0.03,32.9,FAIL
P0420,Housing,19.11,0.0346,Grinding,Brass,Clearance,0.12,103.28,PASS
P0421,Bearing_Bore,50.86,0.1564,Drilling,Cast_Iron,Transition,0.06,32.96,FAIL
P0422,Housing,44.58,0.0443,Milling,Brass,Clearance,0.12,92.82,PASS
P0423,Housing,45.59,0.1038,Drilling,Brass,Transition,0.06,56.19,FAIL
P0424,Bearing_Bore,43.34,0.0637,Turning,Aluminum,Clearance,0.12,56.25,PASS
P0425,Housing,84.4,0.1482,Milling,Aluminum,Transition,0.06,78.17,FAIL
P0426,Retaining_Ring,59.83,0.0788,Turning,Steel,Clearance,0.12,78.8,PASS
P0427,Spacer,42.06,0.1309,Milling,Brass,Interference,0.03,57.44,FAIL
P0428,Spacer,96.98,0.0245,Grinding,Brass,Clearance,0.12,254.96,PASS
P0429,Housing,22.53,0.07,Turning,Cast_Iron,Interference,0.03,34.22,FAIL
P0430,Housing,89.23,0.0861,Turning,Steel,Interference,0.03,104.83,FAIL
P0431,Shaft,28.12,0.1153,Drilling,Aluminum,Interference,0.03,28.05,FAIL
P0432,Retaining_Ring,96.76,0.0368,Grinding,Brass,Interference,0.03,247.36,FAIL
P0433,Housing,88.3,0.0096,Grinding,Steel,Interference,0.03,228.4,PASS
P0434,Shaft,88.94,0.1922,Drilling,Cast_Iron,Clearance,0.12,57.63,FAIL
P0435,Shaft,98.29,0.0932,Milling,Brass,Transition,0.06,138.78,FAIL
P0436,Bearing_Bore,28.29,0.1667,Drilling,Aluminum,Interference,0.03,20.37,FAIL
P0437,Housing,42.6,0.1198,Milling,Cast_Iron,Clearance,0.12,43.09,PASS
P0438,Retaining_Ring,63.23,0.1287,Milling,Brass,Interference,0.03,83.58,FAIL
P0439,Housing,15.35,0.0604,Drilling,Brass,Clearance,0.12,40.58,PASS
P0440,Housing,50.35,0.0961,Milling,Aluminum,Interference,0.03,61.82,FAIL
P0441,Spacer,52.92,0.1156,Milling,Brass,Transition,0.06,76.15,FAIL
P0442,Bearing_Bore,42.28,0.1726,Drilling,Aluminum,Clearance,0.12,30.44,FAIL
P0443,Housing,81.41,0.1987,Drilling,Aluminum,Clearance,0.12,58.62,FAIL
P0444,Spacer,10.51,0.1143,Turning,Brass,Clearance,0.12,22.53,PASS
P0445,Retaining_Ring,89.6,0.158,Drilling,Steel,Interference,0.03,77.41,FAIL
P0446,Bearing_Bore,12.2,0.0157,Grinding,Aluminum,Transition,0.06,78.0,PASS
P0447,Housing,95.29,0.0075,Grinding,Cast_Iron,Clearance,0.12,181.21,PASS
P0448,Bearing_Bore,85.79,0.0939,Drilling,Steel,Interference,0.03,89.27,FAIL
P0449,Retaining_Ring,46.26,0.0153,Grinding,Aluminum,Transition,0.06,127.23,PASS
P0450,Housing,52.88,0.0129,Grinding,Steel,Interference,0.03,165.41,PASS
P0451,Shaft,64.31,0.0175,Grinding,Steel,Clearance,0.12,182.68,PASS
P0452,Shaft,50.86,0.1304,Milling,Brass,Transition,0.06,68.15,FAIL
P0453,Retaining_Ring,31.77,0.16,Drilling,Cast_Iron,Transition,0.06,20.59,FAIL
P0454,Retaining_Ring,74.86,0.0661,Turning,Brass,Interference,0.03,105.12,FAIL
P0455,Bearing_Bore,74.95,0.0145,Grinding,Cast_Iron,Transition,0.06,152.01,PASS
P0456,Shaft,74.35,0.0258,Grinding,Steel,Transition,0.06,195.54,PASS
P0457,Shaft,52.03,0.0774,Milling,Cast_Iron,Transition,0.06,61.87,FAIL
P0458,Bearing_Bore,90.27,0.1207,Drilling,Cast_Iron,Transition,0.06,64.43,FAIL
P0459,Shaft,18.04,0.029,Grinding,Cast_Iron,Interference,0.03,72.38,PASS
P0460,Housing,10.39,0.045,Turning,Cast_Iron,Interference,0.03,31.11,FAIL
P0461,Spacer,96.94,0.1237,Milling,Steel,Clearance,0.12,116.1,FAIL
P0462,Shaft,67.09,0.12,Turning,Cast_Iron,Interference,0.03,55.05,FAIL
P0463,Shaft,55.04,0.0689,Turning,Aluminum,Interference,0.03,64.31,FAIL
P0464,Housing,79.08,0.1183,Drilling,Steel,Interference,0.03,76.88,FAIL
P0465,Spacer,29.08,0.152,Drilling,Brass,Transition,0.06,27.22,FAIL
P0466,Shaft,64.7,0.1013,Drilling,Steel,Interference,0.03,69.05,FAIL
P0467,Retaining_Ring,68.03,0.0188,Grinding,Brass,Transition,0.06,204.1,PASS
P0468,Retaining_Ring,43.1,0.0352,Turning,Cast_Iron,Interference,0.03,56.86,FAIL
P0469,Bearing_Bore,85.19,0.0313,Turning,Cast_Iron,Interference,0.03,88.04,PASS
P0470,Shaft,12.83,0.1631,Drilling,Aluminum,Transition,0.06,9.24,FAIL
P0471,Shaft,51.77,0.1949,Drilling,Aluminum,Clearance,0.12,37.27,FAIL
P0472,Retaining_Ring,29.78,0.0545,Milling,Cast_Iron,Interference,0.03,49.37,FAIL
P0473,Retaining_Ring,16.87,0.0821,Milling,Aluminum,Clearance,0.12,35.04,PASS
P0474,Spacer,56.62,0.0613,Turning,Steel,Interference,0.03,80.97,FAIL
P0475,Retaining_Ring,69.67,0.1368,Drilling,Cast_Iron,Interference,0.03,47.82,FAIL
P0476,Housing,80.23,0.1241,Drilling,Steel,Interference,0.03,76.31,FAIL
P0477,Housing,73.91,0.1912,Drilling,Cast_Iron,Interference,0.03,47.89,FAIL
P0478,Retaining_Ring,62.4,0.1489,Milling,Cast_Iron,Transition,0.06,51.95,FAIL
P0479,Spacer,68.01,0.1386,Drilling,Cast_Iron,Transition,0.06,46.38,FAIL
P0480,Bearing_Bore,90.65,0.1786,Drilling,Brass,Transition,0.06,84.85,FAIL
P0481,Housing,98.35,0.0775,Turning,Brass,Interference,0.03,125.85,FAIL
P0482,Retaining_Ring,52.3,0.0362,Grinding,Cast_Iron,Transition,0.06,113.87,PASS
P0483,Shaft,23.26,0.0053,Grinding,Aluminum,Transition,0.06,98.61,PASS
P0484,Shaft,78.5,0.0174,Grinding,Aluminum,Interference,0.03,172.71,PASS
P0485,Bearing_Bore,65.88,0.1136,Turning,Aluminum,Clearance,0.12,61.8,PASS
P0486,Spacer,24.92,0.089,Milling,Aluminum,Interference,0.03,40.46,FAIL
P0487,Retaining_Ring,22.33,0.1195,Turning,Brass,Clearance,0.12,33.14,PASS
P0488,Retaining_Ring,54.84,0.0192,Grinding,Steel,Interference,0.03,165.4,PASS
P0489,Housing,29.72,0.0211,Grinding,Aluminum,Clearance,0.12,100.8,PASS
P0490,Shaft,95.76,0.1464,Milling,Brass,Clearance,0.12,115.87,FAIL
P0491,Spacer,74.65,0.0137,Grinding,Cast_Iron,Transition,0.06,151.95,PASS
P0492,Housing,79.45,0.1298,Drilling,Cast_Iron,Transition,0.06,55.57,FAIL
P0493,Shaft,43.93,0.0797,Turning,Aluminum,Clearance,0.12,52.72,PASS
P0494,Housing,12.63,0.0218,Grinding,Steel,Interference,0.03,91.05,PASS
P0495,Spacer,23.84,0.1191,Turning,Aluminum,Clearance,0.12,26.8,PASS
P0496,Shaft,67.19,0.0382,Turning,Brass,Clearance,0.12,106.21,PASS
P0497,Housing,61.94,0.0793,Milling,Steel,Interference,0.03,92.77,FAIL
P0498,Retaining_Ring,69.1,0.0516,Turning,Brass,Transition,0.06,103.84,PASS
P0499,Bearing_Bore,55.54,0.0127,Grinding,Steel,Interference,0.03,170.12,PASS
P0500,Spacer,74.72,0.0807,Turning,Steel,Clearance,0.12,92.52,PASS
